,business_id,bet_total,degree_total,deg_cen_total,clo_total,cluster_total,eigen_total,k_core_total,avg_n_d_total,open
0,3Rm2NlH_9Tp249DqicoeqQ,0.01972952,210,0.495283019,0.6625,0.409706083,0.095569507,106,107.7761905,1
1,CdZKeUZtCjqV0ni2NeFlgA,0.003841281,112,0.264150943,0.569892473,0.457046332,0.045001983,55,107.3660714,1
2,ho0ycCxMxuQmcIS-aIj-TQ,8.70E-05,31,0.073113208,0.48960739,0.711827957,0.01559341,29,130.4193548,1
3,6yCm35snSRmCQqXI8MlYSw,0.004144145,94,0.221698113,0.549222798,0.524822695,0.037569086,54,106.8510638,1
4,bi7VIc7INLhKaYZqBJR_8Q,0.000733822,118,0.278301887,0.572972973,0.856873823,0.07526414,106,140.1949153,1
5,5wUave1meYwsd6UFdihW4w,0.001700087,85,0.200471698,0.542199488,0.542296919,0.038480542,55,115.6470588,1
6,2hTbsev_7hF8Fyla0zoUAw,0.002189974,112,0.264150943,0.564580559,0.523326898,0.047419156,55,112.9821429,1
7,zw0o_GpYMKzdRNikus_dpw,0.00104833,83,0.195754717,0.542199488,0.601821922,0.038455267,54,119.2771084,1
8,U1OrMffyVeE2qbpNTrSSuA,0.000424487,22,0.051886792,0.479638009,0.80952381,0.010091376,21,114.0909091,1
9,GApmMso82MaAbCWWin3d5A,0.000577116,117,0.275943396,0.57219973,0.87032125,0.075190671,106,141.2051282,1
10,oIZSTYYYxCMgkPQ6UhfaSg,0.000747756,25,0.058962264,0.475869809,0.686666667,0.010639803,21,103.96,1
11,51tbyswAGxdw9mN5qrPGeA,0.002956245,173,0.408018868,0.62079063,0.611170856,0.0971651,106,129.1445087,1
12,jViZvpGS1uYO2E6t5fG4xw,0.004602669,159,0.375,0.610071942,0.588965847,0.086198973,106,124.4591195,1
13,Umq7lcGqslqbIFtPHwvSYw,0.005497419,137,0.323113208,0.589707928,0.684306569,0.078921938,106,128.9854015,1
14,9rz7hggrbeIOg1FcQa_uwQ,0.007553696,123,0.29009434,0.575305292,0.37571638,0.046640398,55,99.54471545,1
15,8FgK0h0Kh0BpxhaqDsjaZA,0.002480137,150,0.353773585,0.604850214,0.652438479,0.086356077,106,132.0666667,1
16,acyHuDT1T7naRmWDVfDhXg,0.010322884,155,0.365566038,0.604850214,0.572685379,0.083171476,106,121.7483871,1
17,-6NaBMeSXBnY7j9p7sdPhw,0.004280705,122,0.287735849,0.572972973,0.457390597,0.049860153,55,108.1393443,1
18,2PlaD6xXItbxo0ZbjQ7iQg,0.000747756,25,0.058962264,0.475869809,0.686666667,0.010639803,21,103.96,1
19,MKBXPWocpfd196680kx4Ig,0.009622859,172,0.405660377,0.623529412,0.418672651,0.069523924,74,106.1686047,1
20,sldKc-I-PDQg973dIf4Yyg,0.003609307,133,0.313679245,0.584827586,0.716564138,0.078987197,106,132.1052632,0
21,qKCYXulWC-SlD2BTc_SUzQ,0.013535825,201,0.474056604,0.651305684,0.450895522,0.096857459,106,113.6467662,1
22,gY-_DMsOpYzSGxHp8Pqigg,0.000187433,28,0.066037736,0.48960739,0.634920635,0.008537324,22,87.5,1
23,GrQhGmJ4sEBu8uVo8gAaGw,0.001262812,108,0.254716981,0.556430446,0.663551402,0.053425152,74,124.25,1
24,jICAZqd25tqWiOdErWgufA,2.53E-05,21,0.049528302,0.478555305,0.842857143,0.009720089,19,122.4285714,1
25,Lg5F2e02jBaK0lrqbc8SRw,0.0012201,64,0.150943396,0.524103832,0.524801587,0.025729183,44,110.203125,1
26,AAaF8hc_KTjhi-2HzWdsRg,0.010571296,160,0.377358491,0.610951009,0.577751572,0.084989265,106,121.625,1
27,tOnHeSrUQ3hGGnxrmCCiQg,0.004175862,178,0.419811321,0.625368732,0.583444423,0.097812645,106,126.8820225,1
28,bqcemu1Y-ZTX8haoRqQQog,0.009353004,158,0.372641509,0.609195402,0.5754253,0.084908647,106,122.835443,1
29,iqNw9UHBlsumItmncc8zAA,0.022615038,200,0.471698113,0.651305684,0.44361809,0.095091335,106,112.5,1
30,7GFd-ao4w7MzUDb-qz-ayg,0.005973644,107,0.252358491,0.561589404,0.403279845,0.04065011,54,102.364486,1
31,NKaI-TV3XozbIi58MS2ssw,0.014570052,226,0.533018868,0.6784,0.429891839,0.107330566,106,112.7522124,1
32,kOfQyegQ7As4JPCpuQSZuQ,0.014129335,184,0.433962264,0.635682159,0.475766215,0.091077435,106,115.6086957,1
33,zCVSAxJF62U8kZ8uUKA6Ug,0.012731334,189,0.445754717,0.637593985,0.528368794,0.09917047,106,121.5820106,1
34,DPQt9KMXB9i0lF7ib3F5Mw,0.011885748,139,0.327830189,0.591352859,0.38025232,0.051642535,55,99.48201439,1
35,QUl85k7lKTvY1ry0sIoBgA,0.002100224,53,0.125,0.515188335,0.423802612,0.018836229,34,95.94339623,1
36,oxPnV43-BYdXRpKfAWbmMg,3.33E-06,19,0.044811321,0.476940382,0.964912281,0.009597528,18,129.8421053,1
37,ac8dhJhjJgan5T-_KHu_9w,0.00099126,25,0.058962264,0.485681558,0.643333333,0.010415516,19,109.24,1
38,q_qBMxTjNX3w17SF3o8wWg,0,18,0.04245283,0.476404494,1,0.00890152,18,128.7777778,0
39,CId0P8GkPJxBVXKgWyM2tA,0.008628105,150,0.353773585,0.603129445,0.609485459,0.081347278,106,124.1333333,1
40,mH812zDFXzfe-soYKB1E7A,0.004199091,85,0.200471698,0.542893726,0.587394958,0.036249531,54,116.5882353,0
41,nkS1No7nnXaQcTjPLsCJTw,0.012626542,179,0.422169811,0.625368732,0.413658904,0.073636992,74,106.8826816,1
42,rpSKQ-pHcRxKCNuhoEZ2iw,0.001929227,98,0.231132075,0.550649351,0.49905323,0.041364804,55,112.5,1
43,lxptrd5mnV0dZ9aTKEOy0g,0.006564391,111,0.261792453,0.563829787,0.456183456,0.044922019,55,107.6306306,1
44,DlH3OmOOJuz5hNU6THjJCA,0.002250472,118,0.278301887,0.567603748,0.610893814,0.054967642,74,120.779661,1
45,DeiWR9aL18WpVyzuey7dGg,0.000367006,48,0.113207547,0.51145959,0.778368794,0.023059743,43,129.4375,1
46,vcvXl_EBMAO5ogIEApkfwA,0.002124778,77,0.181603774,0.534005038,0.572795625,0.035074264,54,120.2337662,1
47,QnClRGIbIj3Ad2CAueSRQw,0.004995149,102,0.240566038,0.553524804,0.496408464,0.0410822,55,109.2156863,1
48,f1Qz5IoAcCF-fGMOfCXpSg,0.0119364,183,0.431603774,0.633781764,0.488680718,0.092258571,106,117.0655738,1
49,u_QcgQDztf0juiqHooRqxQ,4.09E-05,40,0.094339623,0.504161712,0.924358974,0.019700523,39,133.675,1
50,h3oTapYP5Q1G_u1t9xN64g,0.001120921,91,0.214622642,0.547803618,0.585347985,0.039796724,55,118.5934066,1
51,fKEwqLzYhcW9pt1rMpfK2A,0.000956927,77,0.181603774,0.536030341,0.635338346,0.032910253,54,117.5974026,1
52,HTTgh_AzAfC09l2WyRZX5w,0.009531028,195,0.45990566,0.64339909,0.464393339,0.095764936,106,114.9384615,1
53,H_N5mmhIApJuh-FLG-2txg,0.002373961,109,0.257075472,0.563829787,0.498470948,0.041525586,54,106.0366972,0
54,HZc_AmZTP9UJLygjXBGlkg,0.001540102,80,0.188679245,0.540127389,0.562341772,0.030726294,48,108.175,1
55,m1xsKQP-gP1eL1_hFAmyhA,0.009218121,170,0.400943396,0.623529412,0.552732336,0.090870969,106,123.5529412,1
56,XjueQh8rz0RiUWCUzGYY-A,0.001694527,120,0.283018868,0.570659489,0.620168067,0.057205669,74,123.325,1
57,gHU8sHbkHaduYSFAd8C4Ng,0.005589599,107,0.252358491,0.56010568,0.482454594,0.043459672,55,107.8411215,1
58,d4r8kOr0ZSpH2MnVoMZzbQ,0.00572868,162,0.382075472,0.607449857,0.482861744,0.070365048,74,113.808642,1
59,UX0dUr8Q9IgUpN6GxdneIQ,0.006628843,122,0.287735849,0.576086957,0.44709389,0.048818957,55,107.9754098,1
60,UFhXPp4kA9zwbjdkUivTiA,0.007831827,164,0.386792453,0.611832612,0.452117313,0.068933436,74,110.0060976,1
61,WPhNbOH_AocROquwLMDl1A,0.00970741,199,0.469339623,0.650306748,0.469925384,0.098358939,106,116.638191,1
62,XtaO8ZryRE-cp7fvWP1xdw,0.010623748,133,0.313679245,0.581618656,0.513328776,0.058495664,74,112.6090226,1
63,8ouXXM4deqhSREG1QPXaFA,0.010123141,127,0.299528302,0.578444748,0.450068741,0.048538482,55,105.2125984,0
64,B3gjclBEA5cL4TooZUjYkw,0.021521132,252,0.594339623,0.7090301,0.38879403,0.113712811,106,108.468254,1
65,WhuwyDN8C6dOGsgcdXA3Xw,0.011056008,181,0.426886792,0.634730539,0.492387968,0.090590362,106,116.4198895,1
66,TZI0KlF9whWU1JgUjIRP_Q,0.000233434,54,0.127358491,0.520245399,0.766596785,0.025059575,46,128.5740741,1
67,L8ptAswq0UvUwXdnVWjE8Q,0.016627088,221,0.521226415,0.674085851,0.410119292,0.101681352,106,109.8823529,1
68,nNlj8cScT8uG6zeXpgstHg,0.009819418,206,0.485849057,0.656346749,0.448164812,0.099606169,106,113.815534,1
69,O7gAxbZxe6r2SSzDaA568w,0.010766681,156,0.367924528,0.602272727,0.439867659,0.066445023,74,108.5833333,1
70,ksC0xdA6QeNuLpew_Lvluw,0.003636225,137,0.323113208,0.585635359,0.538965221,0.060449209,74,116.080292,0
71,OPckVDslcDH7v98nwtt5jw,0.005826657,79,0.186320755,0.538754765,0.59104187,0.033407797,54,115.7088608,1
72,IvdsbInH0OAjk2lIiuGxJw,0.008719207,207,0.488207547,0.657364341,0.492050091,0.105246335,106,119.5362319,1
73,aM0RwIaM3IRrCb4mtLwPig,0.00577139,194,0.45754717,0.641452345,0.529138401,0.101566901,106,121.9484536,1
74,Wo5kOFvtYYP1euhiAJav-w,0.005378271,97,0.228773585,0.553524804,0.701890034,0.046266483,74,122.6082474,1
75,ggmtudEwKHHDd9sq2CvqLQ,0.000316907,41,0.096698113,0.507784431,0.615853659,0.017925961,37,115.4634146,1
76,UTTXRaoaowgCDrkkZtwHVQ,0.007774462,156,0.367924528,0.608321377,0.574689826,0.084274851,106,122.474359,1
77,qrCIf32eIwBG8tPdjd59Xg,0.011976448,94,0.221698113,0.55136541,0.369251887,0.031603808,46,92,1
78,C-3H0JM_J3Ow3u-8dwjhnA,0.019199783,157,0.370283019,0.604850214,0.332925037,0.057590271,62,97.21019108,1
79,eV0EsRRpx4M8tWr2W4Laxw,0.006665029,118,0.278301887,0.572972973,0.40069535,0.044435455,55,100.2711864,1
80,DEHWrvG-2mpR0zB_HQY1pg,0.003960528,56,0.132075472,0.522811344,0.505844156,0.018894066,39,96.17857143,1
81,2fS1ssXEmuXH7t2zNx_DZQ,7.76E-05,25,0.058962264,0.485681558,0.776666667,0.011140729,23,115.12,1
82,EA6Ym63TtF9ntTrkZgkyJA,0.000535945,45,0.106132075,0.504761905,0.562626263,0.015351716,33,96.08888889,1
83,NJcyFik3drl9bOX6fsPEMg,0.00066971,54,0.127358491,0.513317191,0.558350804,0.020016059,38,102.7777778,1
84,6Ai-Uz3h9eC7UiaLvR-irA,0.000763444,34,0.080188679,0.485681558,0.575757576,0.012405574,28,97.64705882,1
85,SXMFJo-4eB5YbhHYMCLYFA,0.000146626,37,0.087264151,0.492450639,0.713213213,0.015404012,30,112,1
86,9jSE6VWYhI_4NRwoXRQQ4w,0.000585758,35,0.08254717,0.487356322,0.574789916,0.01169315,27,91.97142857,1
87,Rw3wYzqmc_GtI8Ocx2xHUA,3.96E-05,26,0.061320755,0.481271283,0.812307692,0.010555742,25,109.8076923,1
88,oTIVPCW7ca5xjAJsB6oXJw,0.000150248,25,0.058962264,0.476940382,0.783333333,0.008610443,23,95.2,1
89,_CEgkUvPLL-omIutKaWs5Q,0.001882003,128,0.301886792,0.58002736,0.756274606,0.077210827,106,134.1484375,1
90,qjM94mEJRjhcFZfjJ0zXVg,0.019750137,216,0.509433962,0.665620094,0.434969854,0.102922815,106,111.6388889,1
91,cs8VO_3-doSW0mwH-8aAjA,0.000736683,67,0.158018868,0.522811344,0.658977838,0.027407015,48,110.6865672,0
92,lSZ1IMqd3ctUB9mzf22AEQ,0.000865416,41,0.096698113,0.494749125,0.506097561,0.012596049,29,82.73170732,1
93,rgu4D8r828sQvPM4p3k4XQ,0.007059461,142,0.33490566,0.588888889,0.464688842,0.059884909,74,109.584507,1
94,bm8_IYhdxx20XFWYCHYrSg,0.003834604,75,0.176886792,0.536030341,0.478918919,0.025360108,46,96.90666667,1
95,fkW1FJY_x-iw7tG3dz3wZg,0.000633186,65,0.153301887,0.520884521,0.684615385,0.026661881,48,111.6461538,0
96,OBRi8m0U1uZISuMsmrNwdw,0.00598895,122,0.287735849,0.571428571,0.54613196,0.050333862,74,109.5409836,1
97,ucNCtUDrAF3rf6rYNdIEpg,0.000137476,41,0.096698113,0.493597206,0.845121951,0.01542163,38,107.6829268,1
98,A2aS1RVe9nM-CiLa0vN69w,0.000283057,57,0.134433962,0.515815085,0.705513784,0.023386758,46,114.8596491,1
99,8QhUXk_Y89rMmQHzzBLNBQ,0.000972557,75,0.176886792,0.528678304,0.620900901,0.031121207,49,113.2,1
100,FJQLkkXYvukWFTJMMJvpOg,0.001168517,104,0.245283019,0.556430446,0.679051531,0.046771164,74,117.8846154,1
101,hoMYlkrb_FVGHxgX4s9QOA,0.011915633,188,0.443396226,0.639517345,0.492263056,0.092593736,106,116.5053191,1
102,xljcv1ceFxU4HtMxVnby_g,0.000742843,64,0.150943396,0.52345679,0.633928571,0.021827808,46,99.25,1
103,jptSDzDj9XS82tlJk7T1mg,0.002918199,57,0.134433962,0.515188335,0.619047619,0.020875926,46,104.2105263,1
104,Vj3Dvf9OwTrEZiOzpwr4-w,0.000566607,52,0.122641509,0.513939394,0.716440422,0.021607568,46,115.25,1
105,ZgBGrt_faLaLk273rEyRdA,0.000620501,67,0.158018868,0.524752475,0.646313885,0.023293774,46,102,1
106,Mhv_TCsXRVOfeatAZnm3xg,0.000265531,47,0.110849057,0.504761905,0.74560592,0.018160554,41,109.6808511,1
107,LuCrgEAXPoE0lcBnrVijQQ,0.001255086,59,0.139150943,0.517073171,0.590298071,0.023872669,46,109.6440678,1
108,DOYwzDK08AmZJxaoCv-7Cw,0.000224631,54,0.127358491,0.509003601,0.714884696,0.022267019,46,115.537037,1
109,OsNORlL36i6ucMO9EEhNoA,0,36,0.08490566,0.49017341,1,0.013851241,36,111.0833333,1
110,S1K_mg24V0704Le6B8x0AQ,0.001129858,47,0.110849057,0.512077295,0.74653099,0.019603033,42,115.9361702,1
111,PsKXNVUfzpTGKZuAeSSgTA,0.000517993,61,0.143867925,0.515188335,0.65136612,0.024171661,46,111.295082,1
112,oHIWHZQAO6N2QezzrGWpsw,0.001953303,102,0.240566038,0.557161629,0.525140749,0.037462304,54,103.4117647,1
113,bgBafNxzbhvsC4GAivwWtQ,0.003259264,170,0.400943396,0.62079063,0.621023321,0.096132097,106,129.9470588,1
114,H3mGN-sqRLpXrHlhbc_8zA,0,74,0.174528302,0.527363184,1,0.037098905,74,127.4324324,0
115,dSRFd9z_EpnW0-CCqmpPsg,0,74,0.174528302,0.527363184,1,0.037098905,74,127.4324324,0
116,ivlbvS9I0457UyljErTDcw,0.00210677,101,0.238207547,0.550649351,0.679405941,0.047566667,74,119.9009901,1
117,3C70DNk7sa0KuRJu3zKiXQ,0.004638522,131,0.308962264,0.583218707,0.534468585,0.05728494,74,114.2900763,1
118,7jt9kAnYOweq9y2I0uE1Dw,0.003553051,85,0.200471698,0.536708861,0.803641457,0.040187485,74,119.4705882,1
119,SqbXhueVJl4F4rbc2193wg,0.001832625,122,0.287735849,0.569892473,0.60669286,0.057414661,74,120.8852459,1
120,uMI7fuUCZ8Bgy_xq37JuJQ,0,74,0.174528302,0.527363184,1,0.037098905,74,127.4324324,1
121,f2PQkagSYmdKKCQgE1fFTA,0.000793169,101,0.238207547,0.55136541,0.71980198,0.047302164,74,119.6138614,1
122,fIPiGSlvwxHf7_R2FL4KDQ,0.001743955,94,0.221698113,0.547096774,0.730267673,0.044717345,74,121.9893617,1
123,8zLDRM77DWRps7k2hnoOPA,0.004195783,191,0.450471698,0.639517345,0.548691099,0.101890857,106,124.565445,0
124,0OTWK0GcabvOWfaqqJsBxw,0.001396264,86,0.202830189,0.5373891,0.796169631,0.039847581,74,119.1744186,1
125,IjmbpK1bK8r3-c4bBb9N6Q,0,74,0.174528302,0.527363184,1,0.037098905,74,127.4324324,0
126,3hrqeq7BVC8RP3rJBgCcIA,0,74,0.174528302,0.527363184,1,0.037098905,74,127.4324324,1
127,z1eBRYqP3VjQwuu0HbjDjw,7.94E-05,76,0.179245283,0.529338327,0.957894737,0.037830787,74,126.0657895,1
128,_J9JwsqYf1hKdtsE7A9OnA,5.82E-05,75,0.176886792,0.528678304,0.976576577,0.037225147,74,126.16,1
129,0WiuRhBf8WQlr1UqFgKEXQ,0.003166633,124,0.29245283,0.57219973,0.555337005,0.056512184,74,116.766129,1
130,4lanRbZT3tZx9Gv63SO7kQ,0.001568011,112,0.264150943,0.564580559,0.643178893,0.054248217,74,123.0803571,1
131,8BlSo_rH0CUlkpogYMeN8Q,0.002503025,124,0.29245283,0.573748309,0.573564123,0.055840477,74,115.6612903,1
132,Ds15PXK8uFDvkvVDaBuOVw,0.004040618,86,0.202830189,0.538754765,0.782216142,0.040216398,74,118.3488372,1
133,BD5L_swLr5x6NFh7nzWEJA,0.00199275,121,0.285377358,0.568364611,0.601239669,0.055801672,74,117.677686,0
134,pb8ZcncghqEFyte3-6nJWg,0.000329584,78,0.183962264,0.532663317,0.921744922,0.038234595,74,124.8076923,0
135,gw8c-CiE_6mAhJmG7aqxlw,0.012832405,215,0.507075472,0.663536776,0.453118887,0.104545687,106,114.1209302,1
136,PNyQejGIQy_oNCu3qIKRRg,0,74,0.174528302,0.527363184,1,0.037098905,74,127.4324324,0
137,GKe4j0FMpaN_4QUcSSUPcw,0.001396264,86,0.202830189,0.5373891,0.796169631,0.039847581,74,119.1744186,1
138,Xip3lJW6qUXCWoP8ieGF7g,0.000773112,84,0.198113208,0.536708861,0.83448078,0.041076684,74,123.202381,1
139,tpR2U16lkQJI5TK4AOZH7w,0.005305754,180,0.424528302,0.629080119,0.568466791,0.097614669,106,125.0888889,1
140,yqPt0KX2PmJjjJ_FB48r3g,0.002361403,103,0.242924528,0.553524804,0.667808871,0.049334094,74,121.0485437,1
141,c74DXZNvjNgOMKKwaL8HUg,0.005243646,150,0.353773585,0.598025388,0.470782998,0.063302483,74,110.3133333,1
142,fkdzXWjseG1gKubQD_fkGg,0.000463329,93,0.219339623,0.544287548,0.780738663,0.046267581,74,126.1075269,1
143,mJxdH_5Oy4kARMwO4KF_bg,0.003249583,99,0.233490566,0.554973822,0.656565657,0.044067421,74,115.1212121,1
144,VaTVq_DMtcu38LrHcxdvLw,0,74,0.174528302,0.527363184,1,0.037098905,74,127.4324324,1
145,_C9P5NuoOEMP5sSqDdHEJA,0.004010074,185,0.436320755,0.632835821,0.562690952,0.099551001,106,124.5567568,0
146,rrcU9G5p62u9CTQOTIBIxQ,0.001488447,115,0.271226415,0.563829787,0.643478261,0.054016215,74,121.4434783,0
147,zCCSkDIz7KUHoDDdN64L7Q,0.001870021,163,0.384433962,0.610951009,0.65901689,0.094466667,106,132.202454,1
148,cVQWrQpeKsQVphwW_6LcpQ,0.001870021,163,0.384433962,0.610951009,0.65901689,0.094466667,106,132.202454,1
149,WS1tXjucYwsln41EnK6gJw,0.000793169,101,0.238207547,0.55136541,0.71980198,0.047302164,74,119.6138614,0
150,3uIRIs9Bs1ImPjfQp-lYoA,0.002073874,111,0.261792453,0.562334218,0.633087633,0.054423583,74,122.3423423,1
151,jVAsYNTmNE1q6tttEv2P-w,0.009036992,172,0.405660377,0.618978102,0.603155175,0.095624346,106,127.25,1
152,Y2ClurK-CH47qiaxwyu4WQ,0.017298528,218,0.514150943,0.665620094,0.431573162,0.103311964,106,111.0504587,1
153,n_n_WnX-CrjOLpHDr6Xgzg,0.001767311,108,0.254716981,0.561589404,0.640186916,0.048965864,74,118.5740741,1
154,igf4FRdL8qxIpYWYw5WYKA,0.000827781,103,0.242924528,0.552803129,0.711022273,0.048829494,74,121,1
155,wSGnhcKdwG0HdyxNhJPm4Q,0.001870021,163,0.384433962,0.610951009,0.65901689,0.094466667,106,132.202454,0
156,sFP7NkMVdr8KaZ32zjYQaA,0.000203762,81,0.191037736,0.533333333,0.89382716,0.040537175,74,127.037037,1
157,G8RItqxdcG89jOKUk-neZw,0.003488779,93,0.219339623,0.544987147,0.718092567,0.042936288,74,117.9139785,1
158,Qi61w8ZGqtipWfoALZq1hw,0.000299051,80,0.188679245,0.531328321,0.894620253,0.039597047,74,125.3125,1
159,TbPbHknC5EMptGyoq0uK3A,0.00291399,140,0.330188679,0.585635359,0.544193217,0.063106349,74,116.4928571,1
160,AThVusdWIYLmXMCVFN5n2w,0.000920933,94,0.221698113,0.544287548,0.737588652,0.044697527,74,120.9042553,1
161,ZwguYsK83tel85bPkuURQQ,0,74,0.174528302,0.527363184,1,0.037098905,74,127.4324324,1
162,Cu4mKzo8TsOEzZJuF4EAXA,0.001814609,89,0.20990566,0.540816327,0.741573034,0.040292554,74,115.6179775,1
163,#NAME?,0.002756549,98,0.231132075,0.549222798,0.6987166,0.04681767,74,121.1938776,1
164,NCaqjfK-3uCGhixn4LD7Ug,0.002066657,97,0.228773585,0.547096774,0.731743986,0.047298463,74,123.3608247,1
165,oAJFC0pUXJ1wHOehhgbmYQ,0.00154767,102,0.240566038,0.550649351,0.683944865,0.049419287,74,122.745098,1
166,kJYmRN3h_Uihnje_mEQlvw,0.00041519,111,0.261792453,0.566088117,0.927764128,0.073142181,106,143.1531532,1
167,mzvmAOdaxImvqfqmHQrEkA,0.001596797,55,0.129716981,0.519607843,0.522558923,0.021354096,39,107.0363636,1
168,0h64oEQLhlMrrsko7B1eNA,0.007689979,190,0.448113208,0.638554217,0.48866611,0.095052079,106,117.1,1
169,zUXC9zZApdSehZVbT7cgYg,3.17E-05,13,0.030660377,0.458378378,0.666666667,0.006266028,13,118.0769231,0
170,0Q7ftIbv1r7Jiupuxi7WDw,1.32E-05,9,0.021226415,0.45106383,0.722222222,0.004496027,9,128.5555556,1
171,UgdA4TRbbOvmsubfp9b03Q,7.72E-05,14,0.033018868,0.473743017,0.604395604,0.006994732,13,133.3571429,1
172,VjUooAwjEk8kNf4RAasxdg,0.001934286,122,0.287735849,0.575305292,0.798130335,0.075500116,106,136.0983607,1
173,hhCpRudOwsKhqnDFahXfZA,0.016873617,193,0.455188679,0.6443769,0.447376943,0.092741069,106,112.626943,1
174,u_xD7-AhxnhDz3lpTYCMhA,0.002100275,71,0.16745283,0.526054591,0.570623742,0.02976157,49,109.5915493,1
175,rOVEvIMMA0f7-PakoMtjtA,5.41E-05,26,0.061320755,0.486796785,0.812307692,0.011497846,24,115.2307692,1
176,nSfVhbKMbB72kb48ALuC4Q,0.001395768,54,0.127358491,0.512077295,0.514325646,0.022099246,36,103.7962963,1
177,HhRsdzXs__gDxZ7K3RWLdg,0.00069175,67,0.158018868,0.528678304,0.575757576,0.030842131,50,120.5223881,1
178,MDIliph5bpimXzXq8m8TMw,0.003603895,100,0.235849057,0.554973822,0.496969697,0.039639263,54,107.02,0
179,upQpcnTaJXNV5Gh3DN6TBg,0.00368483,126,0.297169811,0.578444748,0.769904762,0.076914419,106,134.6746032,1
180,dvZkN9RW6juVCyRolSyYAQ,0.003943915,147,0.346698113,0.599717115,0.632466685,0.082899279,106,126.8367347,1
181,#NAME?,0.001084012,63,0.148584906,0.522811344,0.583205325,0.030413671,49,124.3333333,1
182,fmYWSos9ySdLN6zkcS5cNg,0,21,0.049528302,0.474804031,1,0.011215363,21,137.6666667,1
183,Gq9Cb7HsJSx-fLY2w16iZw,0.006013948,176,0.41509434,0.627218935,0.524805195,0.091041629,106,119.6477273,1
184,WUV8x3y7LdX-bpLyNrWnrQ,0.000283399,111,0.261792453,0.566088117,0.930548731,0.073289638,106,143.5135135,1
185,wwTIhfgZRwYJuyygUQ3WAw,0.004276206,98,0.231132075,0.554248366,0.433200084,0.037897207,54,102.2142857,1
186,cK-Aa0DUAUHJmNTJQc109Q,0.00044214,24,0.056603774,0.4801812,0.496376812,0.007792799,20,85.45833333,1
187,yAvKBD9f54Mncwqd_DRDIg,0.000360513,33,0.077830189,0.494749125,0.628787879,0.015663109,28,121.6969697,1
188,ia4OINUjKlm8tbpI3i2s5w,0,5,0.011792453,0.4295846,1,0.0021808,5,119.4,1
189,g15qf0dUuu_aMN3mpY5quA,0.006938432,156,0.367924528,0.607449857,0.601571547,0.084976815,106,124.3846154,1
190,4fZtwMekeFdChOBQizz8Fg,0,6,0.014150943,0.446786091,1,0.004148126,6,177.1666667,1
191,_lhblpeTBbfG3TnWLLEGBw,0.010680449,188,0.443396226,0.638554217,0.478040733,0.093856137,106,115.7074468,1
192,GeQ03iVyEc653Z9U8doO7A,0.002049189,82,0.193396226,0.5373891,0.530563083,0.034558125,53,109.1219512,1
193,kvWf4Z4afJvWZdkCVxDyeg,0.017146988,217,0.511792453,0.667716535,0.417989418,0.100211542,106,110.5207373,1
194,ffeXXtc122dtJKUbTwBSrQ,2.31E-05,15,0.035377358,0.458874459,0.685714286,0.006766444,15,114.6,0
195,ZuNZZsIId-0PIpTFQoWR8g,0.011145616,181,0.426886792,0.631892697,0.493124616,0.090198861,106,116.2430939,1
196,Eq-BpslGrZ2wDes-8miHIQ,0.000140303,28,0.066037736,0.485681558,0.666666667,0.009757785,26,97.64285714,0
197,co2KapMLsKfc7fi2_GefXQ,0.003798852,78,0.183962264,0.534005038,0.517149517,0.030326511,49,103.2948718,1
198,JfmueQg8DCnM8cOHMU8mAg,4.04E-06,2,0.004716981,0.359932088,0,0.000405999,2,54,1
199,gKrRXJNjGlZHsoJ7oBbb3g,0.004103622,142,0.33490566,0.593006993,0.666466886,0.081656452,106,129.7746479,1
200,xCUUzCt4EqRiVrsFl6hiYQ,0.007834109,71,0.16745283,0.534005038,0.459959759,0.026501667,46,99.94366197,1
201,u9KzJQFIh49y7KacPbaNaw,0.001515365,39,0.091981132,0.502369668,0.730094467,0.018676833,38,124.1025641,1
202,Hn4X80Mughw7s2ImIUipaw,0.006567134,163,0.384433962,0.610951009,0.56479588,0.087818777,106,122.7361963,1
203,5xXr_KnqboB4SclCe9d9jg,0.001757753,52,0.122641509,0.512077295,0.472096531,0.020714962,38,102.1153846,1
204,ebMNlzXkEl2lOVuXjgQgmA,0.000434997,36,0.08490566,0.502369668,0.641269841,0.017814679,30,126.4722222,1
205,iIMc7_Kuipe4IO9CXPjk1A,0.003117713,123,0.29009434,0.576086957,0.785685726,0.07525092,106,134.1463415,1
206,41tFQSXt68OyPDbm3GAQdQ,0.011791616,140,0.330188679,0.592178771,0.643884892,0.078270332,106,124.3571429,1
207,bVg-aNsf3KNJ4oSuuhw-AA,5.82E-05,28,0.066037736,0.48960739,0.804232804,0.014099148,27,126.75,1
208,iqabqwO_ZzWDZfasJy4ILQ,0,19,0.044811321,0.478015784,1,0.009093435,19,122.3157895,1
209,fvZZp-gKF6HfoIZMhh2XtA,0.000664072,119,0.280660377,0.57219973,0.847172767,0.075412395,106,138.8655462,1
210,tY_GK6bi7iyKF2RjpV5cFw,0.000703988,40,0.094339623,0.498823529,0.594871795,0.018385538,31,115.75,1
211,Z2z3OKOAIFv1rLSBFYr6lw,8.65E-05,28,0.066037736,0.49017341,0.71957672,0.01346425,27,123.5,1
212,Kq1ZRU1MgrYQa2KfxESM7w,0.000688152,47,0.110849057,0.506571087,0.794634598,0.021343967,39,118.1489362,1
213,24nfW5gDvX9ot2hT9rf6xg,0.002160061,143,0.337264151,0.592178771,0.677435241,0.082486289,106,129.9370629,1
214,g0rOtkDM3DI49LPQERF_pQ,0.000546708,53,0.125,0.504161712,0.709724238,0.023958442,43,115.2264151,0
215,R3kAGyaVGZt0Hhq9M46xPw,0.004696021,76,0.179245283,0.525402726,0.453333333,0.026610861,46,94.31578947,1
216,SsThJPCbJYsWr5ZOpuzk6g,0.004017333,147,0.346698113,0.595505618,0.64597894,0.083215853,106,128.1904762,1
217,6tey1FM5BY4Noema-aDqwQ,0,39,0.091981132,0.491309386,1,0.017723438,39,118.8205128,0
218,6ffwWT-0iWLc7TnKkh-Nuw,0.005385996,165,0.389150943,0.613603473,0.583887657,0.089067103,106,124.4363636,1
219,i5OJAtAfw_adcXuiYPXM2w,0.003612114,152,0.358490566,0.603129445,0.622777971,0.085145756,106,127.3947368,1
220,WEWNWZ9Jgu5rdTz-Wm6j-Q,0.00130431,92,0.216981132,0.545688546,0.572384138,0.039682729,54,114.5543478,1
221,#NAME?,0.000669366,62,0.146226415,0.515815085,0.643574828,0.027214143,46,113.3064516,0
222,vnYeVzgrdfxmkhiQfotJJA,0,39,0.091981132,0.491309386,1,0.017723438,39,118.8205128,1
223,jqGVJRgYeeDBNGwDf98e3A,0.000667302,71,0.16745283,0.530663329,0.630181087,0.032152763,48,120.2394366,1
224,UbMfwmBEU9Jt3rRysjh4Yg,0.004873887,67,0.158018868,0.518971848,0.520578924,0.026551972,45,102.9104478,1
225,ZWBakQIVSnqIvigLt14p1w,0.000456837,62,0.146226415,0.520245399,0.668958223,0.027696858,46,118.7741935,1
226,xCmGSQ4evtMcLUe8LJRYnw,0.000261026,42,0.099056604,0.497069168,0.919860627,0.019423207,39,120.4047619,1
227,xOHV4QKNn_9FH7gslunbEQ,0.000261461,50,0.117924528,0.504761905,0.761632653,0.021043801,40,110.52,1
228,OSLkuwNmT-bAXWx_T-SbUg,0,39,0.091981132,0.491309386,1,0.017723438,39,118.8205128,1
229,0123BsbSufx_cKhbbVWmIQ,0,39,0.091981132,0.491309386,1,0.017723438,39,118.8205128,1
230,B4f4wksmcqYTFh4eESm3Kg,2.32E-05,14,0.033018868,0.459869848,0.846153846,0.005694054,14,112.2142857,1
231,PeqiU4qUevbRas9Z7YeOcQ,0.00159147,42,0.099056604,0.500590319,0.423925668,0.013907302,31,92.21428571,1
232,aUFag1TNdmAQYoqVRk-ziQ,0.000222828,36,0.08490566,0.493023256,0.588888889,0.015510916,32,113.5833333,1
233,1vObhKVuXQF7YX5R6qxwVA,0.001932183,144,0.339622642,0.596343179,0.681818182,0.083179754,106,131.0486111,1
234,A7W9XAwUZ4wlZjAsG6c-Cg,0.000648275,40,0.094339623,0.500590319,0.624358974,0.017013227,35,113.425,0
235,7Sl1qWqsYO_K0Ah7btDzbA,0.00179497,120,0.283018868,0.576086957,0.828991597,0.075881905,106,139.45,1
236,jzmHs1saND7pr1OJ995PAA,3.41E-06,4,0.009433962,0.380269058,0.666666667,0.000697991,4,58.25,1
237,NW8oT7STzS_lnGq9na1hKw,0.000852675,61,0.143867925,0.518971848,0.689071038,0.023410496,46,105.3770492,1
238,Gdb8Wz1i5HtVxZ1aP4ZI_A,0.000896619,70,0.16509434,0.528019925,0.624430642,0.028419605,48,109.4428571,1
239,3Dk5qrbYaP7lCYyjmo0JRg,0.002593326,152,0.358490566,0.602272727,0.632886023,0.084819902,106,127.1973684,1
240,8WUOay5hclm0wjKGCRm7Sw,0.000561144,62,0.146226415,0.519607843,0.69539926,0.02454987,46,108.8709677,1
241,aWPbsy9tBGrixT9N0jJ2-w,0.000629043,50,0.117924528,0.508393285,0.863673469,0.021916198,45,116.64,1
242,xYMNYPWBbrtYihJJ4n14vQ,0,45,0.106132075,0.503562945,1,0.01995862,45,119.0888889,1
243,ryf9ITBNPAwT0dq0qFTrkg,0,45,0.106132075,0.503562945,1,0.01995862,45,119.0888889,0
244,kBhO7ZsUsA-Dq0iZJN5YuQ,0.003908173,80,0.188679245,0.540127389,0.515822785,0.031359658,49,104.7625,1
245,LcLTXfH_ado12bd6W4VT2w,3.86E-05,47,0.110849057,0.504761905,0.938945421,0.020560446,45,117.3404255,0
246,uYHtexRRnIWpxXkfnYIvcQ,0.000126112,53,0.125,0.513317191,0.840348331,0.024082875,46,120.8301887,1
247,iEg59rSBqgoASuyCGV3oMw,0.001825436,80,0.188679245,0.538071066,0.559493671,0.029192566,48,101.7375,1
248,BPY-04VxlC60qxww38dFTQ,0.00298959,92,0.216981132,0.547803618,0.491638796,0.03696743,54,106.4565217,1
249,UDvpY4D2zWLInNxNWGb3iw,9.29E-05,48,0.113207547,0.505966587,0.917553191,0.021092248,45,118.25,1
250,xkHfkj1MjALGf-rOjTkTJQ,3.05E-05,15,0.035377358,0.459371614,0.914285714,0.003111775,14,68.4,1
251,C3thwROobYHtoeZXjcoQXQ,0.000250465,17,0.04009434,0.460369164,0.742647059,0.003369881,14,64.88235294,1
252,qdKwzUXhjBQJ5AlvRZxQLg,0.000505925,42,0.099056604,0.501182033,0.691056911,0.011634383,31,84.92857143,1
253,_WxiLrlNpPuERam8YuQ-dg,0,14,0.033018868,0.453961456,1,0.002857051,14,66.64285714,1
254,oI5S8WM1vfrLtFovylkguw,0.000505925,42,0.099056604,0.501182033,0.691056911,0.011634383,31,84.92857143,1
255,96-0tsLAkE3xC0eZ7Jsu_g,0,14,0.033018868,0.453961456,1,0.002857051,14,66.64285714,1
256,YWAJKGTZbpIKUOhHCBzMGw,0.00169426,67,0.158018868,0.533333333,0.521935776,0.023246393,46,99.55223881,1
257,RgdbMe1YL8K0ssfnA2XwmQ,0.00100266,38,0.089622642,0.490740741,0.460881935,0.011969921,27,86.57894737,1
258,udplZdoBV0YHb7nVEZbSEw,0.001743603,50,0.117924528,0.508393285,0.454693878,0.014516583,34,86.86,0
259,cxs28BsfEmlkRUTucx8a8w,0.000311055,24,0.056603774,0.482915718,0.543478261,0.007707984,19,92.16666667,1
260,DvzTiBV8EtCQy1VuTbZOQQ,0.001666027,70,0.16509434,0.530663329,0.52505176,0.025612312,46,103.2714286,1
261,AvC6wcZ_BJFqLP3KtnU1Yw,0.003803096,39,0.091981132,0.505966587,0.561403509,0.016486123,33,114.2564103,1
262,J8Iumsh8ZhDIsbYuRm44AQ,0,31,0.073113208,0.489042676,1,0.009543459,31,93.83870968,1
263,JVIBRz1ApsunKhkv4ydzhw,0,31,0.073113208,0.489042676,1,0.009543459,31,93.83870968,1
264,RK-nzsaTzF5at7ncuPm2Pg,1.40E-05,32,0.075471698,0.48960739,0.95766129,0.009848906,31,93.9375,1
265,upJZl7WyrJaXHYLx941fjg,0,31,0.073113208,0.489042676,1,0.009543459,31,93.83870968,1
266,Mk4EOhIsaGargegbZj4cyQ,0,31,0.073113208,0.489042676,1,0.009543459,31,93.83870968,0
267,PzT7pqZ1GKNSOaOqNSbYwA,1.91E-05,33,0.077830189,0.491309386,0.935606061,0.010620821,31,97.54545455,0
268,oJc_PmX4cvnOCsbcRahgug,0.002568307,66,0.155660377,0.527363184,0.485314685,0.020882156,43,92.6969697,1
269,IT4_iHuLkHBVl8gcKvL5qw,0.001032285,49,0.115566038,0.510843373,0.62670068,0.017409008,39,102.7755102,1
270,-3Qu8aYgOleRw-OThNPovA,0.00048151,46,0.108490566,0.509003601,0.632850242,0.017858206,37,109.5217391,1
271,UJaAi1u6ocEMwqdiVYYOoQ,0,1,0.002358491,0.366782007,0,0.000394396,1,127,1
272,43A2uNd1EDp_tZGAzcl0AA,6.49E-05,19,0.044811321,0.479638009,0.701754386,0.009515857,18,128.0526316,1
273,Q0eBAW3YgXGHjAulqu7k2g,0.001488264,53,0.125,0.515815085,0.465892598,0.02180103,38,107.0943396,1
274,opCB7X-WIu2uiyvg7zU5dw,6.92E-05,21,0.049528302,0.482366325,0.642857143,0.009971158,20,123.1428571,1
275,eqJ-p_8AYeltJU2tJHURJA,0.000487793,42,0.099056604,0.502369668,0.586527294,0.017088367,35,110.2619048,1
276,YylCWByGj96aKdMg5rXaPw,0.003869088,75,0.176886792,0.532663317,0.432432432,0.02997035,46,103.2933333,1
277,CFoN6P3YWTBEfCIRrTsYbA,2.81E-06,9,0.021226415,0.458378378,0.972222222,0.004649669,9,137.1111111,1
278,A0g1MhXHME3C1yxc4PCxhA,7.22E-06,10,0.023584906,0.459869848,0.866666667,0.005224096,9,140.9,1
279,qnE_bJoQlbW94yLYKAeH5A,0,2,0.004716981,0.357805907,1,0.000446301,2,62,1
280,QJsgf4Vcj6ZAKmbt4LPtXQ,1.10E-05,16,0.037735849,0.46799117,0.875,0.00734673,16,120.0625,1
281,5jb7i9_803c0YejTudYzHA,0.001005422,38,0.089622642,0.496487119,0.520625889,0.012974303,28,92.52631579,1
282,UYegAlQFh85wH9FKkC-O9Q,0.000616062,117,0.275943396,0.57219973,0.866489832,0.07525855,106,141.3418803,1
283,ByZychE8TxTgsNez8nhjfw,0.002230394,126,0.297169811,0.58002736,0.772444444,0.077226665,106,135.6349206,1
284,TnFAFcoYTEwGD5E8m0z0Og,0.000237097,10,0.023584906,0.455424275,0.644444444,0.00364814,9,100.8,1
285,Dzzn3oCTxxDImla0uhhUXw,5.31E-07,6,0.014150943,0.439378238,0.933333333,0.003969375,6,161,1
286,TkDLSrDMOe0i7y5olhTmjg,0.000163392,22,0.051886792,0.475869809,0.640692641,0.009632547,20,113.4545455,1
287,xDgwDsrhS3S4Jb25qW2vZA,3.53E-05,15,0.035377358,0.452508004,0.819047619,0.004606666,14,84.46666667,1
288,him1b0hMxc1m8RVCj1gQIg,0.000403768,28,0.066037736,0.486796785,0.579365079,0.010101525,21,97.64285714,1
289,kXImHciCMfjoze9Ctrpw-A,0,13,0.030660377,0.441666667,1,0.003940547,13,81.76923077,0
290,LEt0zGi-on6rI1h4r7IP_w,0.000256077,27,0.063679245,0.484018265,0.62962963,0.010014695,21,101.5925926,1
291,jKF4HnOgBKDPOj-1bgwyrw,0.00070749,41,0.096698113,0.494749125,0.562195122,0.01631718,31,103.1707317,0
292,OIMZrrL5kGyZ6W6J8xsyEw,0.001760693,117,0.275943396,0.570659489,0.847480106,0.073603897,106,137.3675214,1
293,SjAnB4unBymlvlXe8ltMOw,0.000358162,107,0.252358491,0.563081009,0.982013754,0.071967278,106,145.4859813,1
294,hXuQgPheHrZHfYM_cqibIQ,0,106,0.25,0.562334218,1,0.071931875,106,146.7641509,1
295,P5dLuhD2vCJxurMCE-UGtA,0.000241726,111,0.261792453,0.56684492,0.933169533,0.073478744,106,144.2792793,1
296,Za_v4P5dEdOFkGFvVgzg7A,0,106,0.25,0.562334218,1,0.071931875,106,146.7641509,1
297,GcYGGOoTlN9qa5zVvbwbTw,0,106,0.25,0.562334218,1,0.071931875,106,146.7641509,1
298,cnXDAjSiySOySahN0HPoyw,0.000155728,108,0.254716981,0.563829787,0.970578055,0.072447561,106,145.2685185,1
299,TTrw0LfWHEpZauszXsc7aQ,0,106,0.25,0.562334218,1,0.071931875,106,146.7641509,1
300,6FAJctqkP0uwTWfSV3lDSQ,8.43E-05,107,0.252358491,0.563829787,0.984835126,0.072145476,106,146.046729,1
301,obJE7v4DCIX7JrHo0ULlIA,0.00084855,121,0.285377358,0.573748309,0.826446281,0.07598658,106,138.1570248,1
302,F7bt2jRmYrzUrC-KRcKl-w,0.000741963,112,0.264150943,0.567603748,0.907979408,0.072680982,106,141.1607143,1
303,Ko0IWAEQtHd5kWr30PXD_A,0,106,0.25,0.562334218,1,0.071931875,106,146.7641509,1
304,hhkBYTa41cgPFAE0v9xrBg,4.22E-05,108,0.254716981,0.563829787,0.975250952,0.072752723,106,146.0925926,1
305,b3051J8Ii1485ZOJBYVzhQ,0.004716981,107,0.252358491,0.563081009,0.981308411,0.071936586,106,145.3925234,1
306,FlCwXSxMXckSrIuP18YQUQ,1.88E-05,107,0.252358491,0.563081009,0.988009169,0.072370529,106,146.4205607,0
307,Bsj9BC15wZDAlWTsP8kfVg,0.000439786,111,0.261792453,0.566088117,0.928255528,0.073035949,106,142.981982,1
308,7xrdf_JJSbswG8hxChJ-KA,0,106,0.25,0.562334218,1,0.071931875,106,146.7641509,0
309,mz1n2HTQONwj2Q7VnfvykQ,0,106,0.25,0.562334218,1,0.071931875,106,146.7641509,1
310,feSkNQq2U7scCVkGGJpudA,0.001155601,120,0.283018868,0.574525745,0.822128852,0.07514419,106,137.4083333,1
311,f-h9a30WaGubIQjjQs-w9A,1.63E-05,107,0.252358491,0.563081009,0.988538177,0.072499018,106,146.8971963,1
312,hW63nfujjfovCp_MS26UVw,0,106,0.25,0.562334218,1,0.071931875,106,146.7641509,0
313,i5RiBntsRyVbH4sZPnhfyg,0,106,0.25,0.562334218,1,0.071931875,106,146.7641509,1
314,2QclfX_80Y4T2zZ-h0FlmA,7.76E-05,109,0.257075472,0.565333333,0.962962963,0.073218724,106,145.9266055,1
315,eMtSU9hLX1sl4jATF_mdVA,0.004522657,116,0.273584906,0.570659489,0.858470765,0.073481668,106,138.1206897,1
316,om3qoz4MTGNn5JLXilys5Q,0.000737026,114,0.268867925,0.569892473,0.892252756,0.073893723,106,141.8596491,1
317,UVfh-2Jod32qq-CcpV2rGg,0,106,0.25,0.562334218,1,0.071931875,106,146.7641509,1
318,Sdb26i3k-2oGfFIOM7Vo1g,0.00592949,113,0.266509434,0.567603748,0.892225032,0.07278755,106,139.7610619,1
319,mAoCr7W94jiERo1xVyg2_Q,0.000186228,108,0.254716981,0.563829787,0.968847352,0.072311856,106,145.2037037,1
320,hfl9dNooP69TCQus3tfaGQ,0.00094938,108,0.254716981,0.564580559,0.969539633,0.072419372,106,145.287037,1
321,MAgvMutGp9HHfQ_opx2btQ,0,106,0.25,0.562334218,1,0.071931875,106,146.7641509,1
322,PeR64AIkleu-t9gwed6vow,0.000567223,111,0.261792453,0.566088117,0.922358722,0.072558362,106,142.1081081,1
323,sWUJBOH7_iL4OcjX9tVIbg,0,106,0.25,0.562334218,1,0.071931875,106,146.7641509,1
324,3LA8ABDMBZnlEnVMmJ-YIA,0,106,0.25,0.562334218,1,0.071931875,106,146.7641509,1
325,GY9pfuQlO0BhRUxvY9whmA,0.000369394,113,0.266509434,0.567603748,0.907395702,0.073732706,106,141.9823009,1
326,O44eQVnZciZXU-nQaiKIPw,0.001447868,114,0.268867925,0.569127517,0.886663562,0.073390989,106,140.0614035,1
327,516cVatYZRqXcHEdfSTasw,0.00018674,109,0.257075472,0.565333333,0.957526334,0.072681522,106,144.5688073,1
328,huNUOZSeshXtXf_P-ZC47A,0.001829382,118,0.278301887,0.573748309,0.840069535,0.073782792,106,136.5847458,1
329,hc4D6AnfzhtMpOCWgXaZSA,0.000666792,112,0.264150943,0.56684492,0.912805663,0.072993806,106,141.5714286,1
330,I_Zobc5TXNMAl9PxasrUcA,0.000255969,112,0.264150943,0.568364611,0.922297297,0.073759776,106,144.0267857,1
331,OrwnIUTkAWueo46g7MM54Q,0.00020977,23,0.054245283,0.476404494,0.596837945,0.009115557,18,97.47826087,1
332,081EZ8AIZ4QWVaYl_1wUCw,0,12,0.028301887,0.447729673,1,0.005912255,12,115.9166667,1
333,QXou2_cNNSGNqpIUBikQOg,2.06E-05,15,0.035377358,0.455424275,0.8,0.007255792,14,114.4666667,1
334,zlLkLxf0VRs05kmdKLoQ6Q,0.000279631,18,0.04245283,0.464403067,0.581699346,0.005450509,15,80.05555556,1
335,S78B3Ue7HfdJRmuGsxoEKg,0.000890422,19,0.044811321,0.478015784,0.438596491,0.00625419,16,87.47368421,1
336,Df8FjaoiZveDswmFihT7Yw,0.000263263,23,0.054245283,0.485681558,0.632411067,0.00987493,20,113.7391304,1
337,qWsWsHsOY9rTZVEr773LEw,0.00016149,20,0.047169811,0.476940382,0.705263158,0.008659284,18,115.1,1
338,LHYZbX-BaPg3k7xn5EG5Ug,0.00042941,12,0.028301887,0.459371614,0.378787879,0.004577923,10,97.66666667,1
339,sriGkDnL9vUUjXZQDFyvsQ,0.000242562,28,0.066037736,0.487917146,0.666666667,0.007899635,22,83.07142857,1
340,CiGZR0Hr7YY6_GqcBIttxg,2.06E-05,13,0.030660377,0.463387978,0.833333333,0.005044068,13,103.2307692,1
341,NBvCfBuShkbCfBVvtmKchQ,0.000146896,18,0.04245283,0.470066519,0.607843137,0.007195186,15,103.5,1
342,UKgcD3uy_y_J0NpkSUi28g,0,6,0.014150943,0.443514644,1,0.003562236,6,153.3333333,1
343,SEDbbnlM6veHdjECABo3dg,0,22,0.051886792,0.476404494,1,0.009923695,22,116.2272727,1
344,wcDIREqhp_M8MFb7jRUkuA,0,22,0.051886792,0.476404494,1,0.009923695,22,116.2272727,1
345,dzZnC5YVzZVzW0he28HwEA,2.07E-05,12,0.028301887,0.450584485,0.893939394,0.004844429,10,107.3333333,1
346,dGkpFKbyY39izmLuN1MMDg,0,10,0.023584906,0.433537832,1,0.003221157,10,87.4,1
347,GZKJ-ZuZ8FR7pFDno8fSeQ,0,10,0.023584906,0.433537832,1,0.003221157,10,87.4,1
348,Be3UQjMhbQDxRnmYu0pAMw,0,1,0.002358491,0.379588183,0,0.000690557,1,160,1
349,6WbvAT9Il4Fi9egO4F2M5g,0,16,0.037735849,0.445846477,1,0.005422652,16,87.5625,1
350,8rtzGl1pt3YrICBum8cRxA,0.001409577,22,0.051886792,0.461873638,0.640692641,0.007131235,16,83.22727273,1
351,censB138iZoYjr_riZSY3Q,4.64E-05,18,0.04245283,0.456896552,0.849673203,0.006590036,16,94.61111111,1
352,5wfKnQS46yzNQSVfK0Cugg,0,16,0.037735849,0.445846477,1,0.005422652,16,87.5625,1
353,grTFv0AWA2yD1ebaRVY2Qg,0.00528754,37,0.087264151,0.498237368,0.475975976,0.01521365,30,106.8108108,1
354,TxXxBOiBEyHZfVfRnduECA,0.000361012,17,0.04009434,0.446315789,0.882352941,0.00542927,16,82.47058824,1
355,ELbBgsX1rccs9ZZ9c9p9PA,0,2,0.004716981,0.405741627,1,0.000995143,2,132,1
356,#NAME?,0.000769881,35,0.08254717,0.491309386,0.539495798,0.012454817,29,95.54285714,1
357,qZPe4sIIskdoYAt5WZt2jQ,0,20,0.047169811,0.474272931,1,0.006272244,20,94.35,1
358,Sx2rwD5PWZgQzS_T7Czz-A,0.000123081,30,0.070754717,0.496487119,0.682758621,0.012129029,28,109.8,1
359,cvLKebSflUBkBIfh-E5s9Q,0,7,0.016509434,0.388990826,1,0.00144232,7,49.85714286,0
360,7a2RrK3SYgMOEuJesKBZLA,0,7,0.016509434,0.388990826,1,0.00144232,7,49.85714286,1
361,jAWUEUMysKTW605pkzFT2Q,6.85E-05,8,0.018867925,0.403425309,0.75,0.001594604,7,50.5,1
362,k-Luaw_6agrJ3KEftVmUoQ,0.00047526,11,0.025943396,0.45106383,0.690909091,0.003699188,10,95.18181818,1
363,V3uUrc-aM1z5TCersU_RSQ,0,5,0.011792453,0.431332655,1,0.001692092,5,98.8,1
364,UPA058i2o2W_3F5PvnlU1g,0,5,0.011792453,0.431332655,1,0.001692092,5,98.8,1
365,c8QK4fd-nuyLZDQu5dzLGA,0,3,0.007075472,0.379588183,1,0.000775236,3,61.66666667,1
366,qK447qQ0UYOGGWjlZDxycQ,0,3,0.007075472,0.408477842,1,0.001379587,3,122.3333333,1
367,y_qmQDXa5ve9zdOd46P7Zw,4.30E-05,13,0.030660377,0.473214286,0.666666667,0.006252293,13,122.6153846,1
368,#NAME?,0.000254477,12,0.028301887,0.456896552,0.606060606,0.00465937,10,99.08333333,1
369,h0i4gaAXH3GsU4n6yqzL9w,7.56E-05,9,0.021226415,0.440290758,0.777777778,0.003807499,8,107.8888889,1
370,126Dmjf_NJs6OJ3ttI-J5Q,0.000729441,30,0.070754717,0.485125858,0.471264368,0.01025371,22,89.13333333,1
371,VkXW8B9SSJJkLZoj-tnEvg,0.000100856,14,0.033018868,0.476404494,0.593406593,0.006380161,13,119.0714286,1
372,rhHqf8a6DEax4uo-YpXshA,0,2,0.004716981,0.387568556,1,0.000745557,2,107.5,1
373,YEbtpJvUrdzwpMneGIuRGw,0,6,0.014150943,0.445378151,1,0.003489293,6,145.3333333,1
374,OLSLqsB22pn5tXW08CnfIA,3.93E-06,7,0.016509434,0.445846477,0.857142857,0.003724582,6,135.8571429,1
375,koSCCHbaAD2JYaKoEWAGvQ,0.000120357,18,0.04245283,0.471111111,0.705882353,0.005363033,15,85.83333333,1
376,Bo8T_i8a76dZZfuFVo_O0g,3.98E-05,16,0.037735849,0.463894967,0.833333333,0.004543261,15,84.0625,1
377,X3G0dgXKUuwWTGQftOV6qQ,0.000623742,19,0.044811321,0.460369164,0.625730994,0.004238237,15,66.26315789,1
378,nTfeDYEy9fV4dEc7LMgM2g,0,14,0.033018868,0.450584485,1,0.003751453,14,77.35714286,1
379,feuIeCASfyAsAiWJOM6Gfg,0,17,0.04009434,0.462882096,1,0.007237082,17,111.1764706,1
380,LzA2QseZ4oowaikIn_i8QA,2.59E-05,18,0.04245283,0.469026549,0.895424837,0.007349174,17,107.2777778,0
381,qpoBgU3CRaJp2_QYMIleBw,0,2,0.004716981,0.406519655,1,0.0011092,2,147,1
382,_v0l_NYqRLE12GJMflm4Zg,0.000290115,29,0.068396226,0.489042676,0.633004926,0.009247482,22,89.31034483,1
383,t19dYb7sygky_uSFze7nlg,0.000805758,29,0.068396226,0.486238532,0.374384236,0.009189331,22,83,1
384,hJuw__aAzsTKNZjLpFUUcg,0,1,0.002358491,0.350413223,0,0.000271453,1,79,1
385,0NWm7KorY2NDl9jAjZPTRw,0,19,0.044811321,0.475336323,1,0.005355751,19,85.52631579,1
386,APr27c-qEfk7RGCPFE_tug,0.000200668,26,0.061320755,0.482915718,0.673846154,0.006875888,22,79.5,1
387,jyCkvh9oCyhQS8sotRCUGA,4.35E-05,20,0.047169811,0.479638009,0.905263158,0.005533868,19,83.9,1
388,cwo-SSQxjvtn9S0uhjGDSQ,6.75E-06,8,0.018867925,0.449628844,0.678571429,0.004164237,8,126.75,1
389,U6YILIsxeF57X7IygtAzmw,2.19E-05,11,0.025943396,0.453961456,0.781818182,0.00368541,11,96.18181818,1
390,ExFAJB0sH2M4pCeH88U8Ag,0.000123491,15,0.035377358,0.448677249,0.6,0.004771811,13,79.33333333,1
391,EC8I62pXmzHJUU-Fr16K8w,0,6,0.014150943,0.432212029,1,0.002137224,6,92.66666667,1
392,_Fi4b5lYGsKhI4iCw7j_BQ,0,1,0.002358491,0.390423573,0,0.000752348,1,188,1
393,5VTBQov3GPKQ-dl-GW4JeA,0,2,0.004716981,0.407692308,1,0.001124354,2,140.5,1
394,xFENYZF63fiV00uaNlB9VA,0,5,0.011792453,0.438923395,1,0.003371602,5,162.8,1
395,_8tUKyMRMMt1YSlac04eqg,0,1,0.002358491,0.348397699,0,0.000215336,1,71,1
396,C8CSSQU2pE1MWgNJT6J2JA,1.48E-05,8,0.018867925,0.450584485,0.5,0.003064052,8,106.125,1
397,Xqyxw2wPAb9hnMc6aWTmxQ,6.20E-05,11,0.025943396,0.438469493,0.636363636,0.004392544,10,95,1
398,7eiSjE-Q8Z9hJXkzfUYlhA,0,7,0.016509434,0.41285297,1,0.001991595,7,69.28571429,1
399,0J0FdaT-dhECIrnnlfQqqA,0,5,0.011792453,0.441666667,1,0.002196892,5,118,1
400,_DzuCQGb8J091N0PRo4EmQ,0,5,0.011792453,0.441666667,1,0.002196892,5,118,0
401,eZ5bRX8Et83RKG2RkbTajQ,3.06E-05,6,0.014150943,0.441666667,0.4,0.00185348,6,86.5,1
402,0_PhTFpxw-wYuqYDMvniZg,0,3,0.007075472,0.421052632,1,0.001987683,3,164.3333333,0
403,ICQLD1gYrYlnahI-wQabQg,0,3,0.007075472,0.391866913,1,0.000803717,3,77.66666667,1
404,IUHSaYplitEtiCS_J3fy5g,2.03E-07,3,0.007075472,0.410058027,0.666666667,0.00134384,3,113,1
405,W-Wl0bCoetWp4f98DJ7iiA,2.84E-06,2,0.004716981,0.387568556,0,0.000821093,2,94.5,1
406,nCNrS9LrXcqG0T-rziSZRg,0,6,0.014150943,0.444910808,1,0.002849184,6,128.1666667,0
407,_TgKU9RQ10RfdZz8CSGEGQ,0,7,0.016509434,0.443051202,1,0.003041568,7,113,1
408,_9sV86cPngkNrrkrTTvlEw,1.97E-05,5,0.011792453,0.408084697,0.7,0.001293702,4,70.4,0
409,sMe3y_v4-VKoQts-VGbw5A,0,4,0.009433962,0.400756144,1,0.001080102,4,70.5,0
410,sZkbuP7RPo7PQjOPbt3i4Q,0,9,0.021226415,0.419386746,1,0.002673047,9,72.11111111,1
411,tjqmHj3E1zyb6Dy8TbPc8Q,0,4,0.009433962,0.393686165,1,0.000904364,4,58.75,1
412,39zkau4YW8ovL3zUS10SAA,0,1,0.002358491,0.389705882,0,0.000805792,1,189,1
413,2J6pdzKizFye435wkEcMpg,6.27E-06,7,0.016509434,0.444910808,0.80952381,0.002937402,7,109.8571429,1
414,1jDHVggroVhQAKLdktUhug,0,1,0.002358491,0.332810047,0,0.000123616,1,37,0
415,e2jCiEX8eqWa-kdCUB2UYA,0,1,0.002358491,0.378909741,0,0.000689902,1,158,0
416,h19yI0EpnAmZ6u-8FaMHrA,0,1,0.002358491,0.394785847,0,0.000772643,1,200,1
417,JO7YPZUarTWSmgH6lvvo-g,0,5,0.011792453,0.374889478,1,0.000520945,5,39,1
418,rQruj9he537QGhhaZT_aBw,3.43E-05,6,0.014150943,0.409266409,0.733333333,0.001140853,5,53.33333333,1
419,doAthESAlj4_-FtsyHGyNw,0,3,0.007075472,0.391505078,1,0.000889384,3,76,1
420,s9sRbsrPoRtj4D6UQik5wg,1.63E-06,2,0.004716981,0.342211461,0,0.000191899,2,30.5,1
421,hhJKsnDFDLGhIbvzFhWAEw,0,1,0.002358491,0.360544218,0,0.000584497,1,107,1
422,6B2uNKnslhbSFfym3Tw4ZQ,0,3,0.007075472,0.39589169,1,0.001962501,3,143,1
423,rdxY4ssW8wLrHUMUSSKAeQ,0,2,0.004716981,0.386861314,1,0.000851707,2,103.5,1
424,Q9KZP_PPmKwdBKdt18yCWQ,0,2,0.004716981,0.389705882,1,0.000674426,2,109.5,1